features,drift_score
age,0.02375000000000005
bmi,0.03425
diabetes,0.0182500000000001
hypertension,0.0050000000000000044
heart_disease,0.025249999999999995
asthma,0.00824999999999998
daily_steps,0.04325000000000001
sleep_hours,0.020750000000000046
stress_level,0.03749999999999998
doctor_visits_per_year,0.02124999999999999
hospital_admissions,0.01475000000000004
medication_count,0.02225000000000002
insurance_coverage_pct,0.02675000000000005
previous_year_cost,0.021499999999999964
